Product ID,Product Name,Category,Shop Name,Price,Revenue,Items Sold,Commission Rate,Revenue Growth,Rating,Creators,Videos,Lives,Launch Date,Product Link
1700000001,LED Sunset Projector Lamp,Home Supplies,LED Official Store,$24.99,"$412,000","16,500",25%,380%,4.8,86,240,20,2026-08-02,https://shop.tiktok.com/view/product/1700000001
1700000002,Heatless Curling Rod Set,Beauty & Personal Care,Heatless Official Store,$15.90,"$288,000","18,100",30%,210%,4.7,140,520,60,2026-07-20,https://shop.tiktok.com/view/product/1700000002
1700000003,Posture Corrector Back Brace,Health,Posture Official Store,$29.99,"$176,000","5,870",22%,90%,4.6,62,180,9,2026-07-06,https://shop.tiktok.com/view/product/1700000003
1700000004,Mini Portable Blender 500ml,Kitchenware,Mini Official Store,$32.50,"$940,000","28,900",12%,40%,4.5,780,"3,400",25,2026-01-25,https://shop.tiktok.com/view/product/1700000004
1700000005,Magnetic Eyelash Kit,Beauty & Personal Care,Magnetic Official Store,$19.99,"$63,000","3,150",28%,160%,4.4,45,96,41,2026-08-06,https://shop.tiktok.com/view/product/1700000005
1700000006,Car Vacuum Cleaner Cordless,Automotive,Car Official Store,$45.00,"$520,000","11,500",18%,20%,4.6,410,"1,900",3,2026-03-16,https://shop.tiktok.com/view/product/1700000006
1700000007,Kids Dinosaur Night Light,Toys,Kids Official Store,$21.90,"$98,000","4,470",26%,290%,4.9,33,71,4,2026-08-11,https://shop.tiktok.com/view/product/1700000007
1700000008,Slim Fit Compression Shirt,Menswear,Slim Official Store,$26.00,"$145,000","5,580",15%,60%,4.2,220,640,52,2026-05-20,https://shop.tiktok.com/view/product/1700000008
1700000009,Cat Self-Groomer Brush,Pet Supplies,Cat Official Store,$12.99,"$51,000","3,930",32%,420%,4.7,28,60,34,2026-08-14,https://shop.tiktok.com/view/product/1700000009
1700000010,Gift Card 50 USD,Other,Gift Official Store,$50.00,"$300,000","6,000",2%,10%,4.9,5,3,6,2025-07-19,https://shop.tiktok.com/view/product/1700000010
1700000011,Wireless Earbuds Pro Max,Electronics,Wireless Official Store,$39.99,"$1,250,000","31,200",8%,30%,4.3,"1,450","6,800",23,2025-10-27,https://shop.tiktok.com/view/product/1700000011
1700000012,Silk Bonnet Hair Wrap,Beauty & Personal Care,Silk Official Store,$9.50,"$74,000","7,790",29%,190%,4.8,51,130,37,2026-07-29,https://shop.tiktok.com/view/product/1700000012
1700000013,Digital Kitchen Scale,Kitchenware,Digital Official Store,$18.00,"$42,000","2,330",14%,-20%,4.5,190,410,3,2025-12-06,https://shop.tiktok.com/view/product/1700000013
1700000014,Acne Patch Set 120pcs,Beauty & Personal Care,Acne Official Store,$14.99,"$610,000","40,700",24%,120%,4.8,305,"1,250",58,2026-06-14,https://shop.tiktok.com/view/product/1700000014
1700000015,Foldable Laptop Stand,Computers,Foldable Official Store,$27.99,"$88,000","3,140",16%,50%,4.6,96,210,32,2026-04-15,https://shop.tiktok.com/view/product/1700000015
